Employee_ID,Department,Education,Gender,Age,Experience_Years,Previous_Ratings,Training_Hours,Awards,Average_Work_Hours,Promoted
E0001,Finance,Bachelor,Female,55,3,2.26,21,4,37,No
E0002,Operations,Bachelor,Female,30,8,1.9,97,1,44,No
E0003,HR,Bachelor,Male,45,23,1.28,78,2,51,No
E0004,Operations,Bachelor,Female,29,11,4.31,93,0,41,No
E0005,Operations,Bachelor,Male,28,8,2.02,48,1,49,No
E0006,IT,Bachelor,Female,57,29,2.89,22,3,35,No
E0007,HR,Bachelor,Male,39,30,1.17,50,3,59,No
E0008,HR,Master,Female,24,10,3.8,66,0,45,No
E0009,HR,Bachelor,Female,49,28,2.32,62,2,51,No
E0010,Operations,Bachelor,Female,27,13,3.98,21,3,39,No
E0011,Finance,Bachelor,Female,42,32,2.65,22,3,41,No
E0012,HR,PhD,Male,49,26,1.78,83,4,53,No
E0013,Marketing,Bachelor,Male,22,22,3.05,66,1,59,No
E0014,Operations,Bachelor,Male,57,4,1.52,49,2,58,No
E0015,IT,PhD,Male,42,31,2.76,89,1,49,No
E0016,Finance,Master,Female,56,18,2.27,54,2,37,No
E0017,Marketing,Master,Male,34,24,4.65,44,3,49,No
E0018,Marketing,Bachelor,Female,31,23,1.24,12,4,39,No
E0019,IT,Bachelor,Female,31,22,3.78,14,1,57,No
E0020,Finance,Master,Female,34,2,1.73,99,3,46,No
E0021,Operations,PhD,Male,58,31,2.28,20,2,54,No
E0022,Sales,Bachelor,Female,59,11,2.66,80,1,39,No
E0023,Finance,Bachelor,Female,45,28,4.63,65,1,37,Yes
E0024,IT,Bachelor,Male,23,32,1.97,19,3,43,No
E0025,Marketing,Master,Female,43,5,1.37,43,1,43,No
E0026,Operations,Bachelor,Female,38,10,2.27,76,4,41,No
E0027,Finance,Bachelor,Male,57,24,1.42,81,4,36,No
E0028,Sales,Bachelor,Male,35,23,1.51,40,3,57,No
E0029,Sales,Bachelor,Male,31,17,3.3,84,2,57,No
E0030,HR,Bachelor,Male,56,1,1.24,80,3,55,No
E0031,HR,Bachelor,Male,46,31,1.12,75,4,50,No
E0032,IT,Master,Male,24,31,3.86,79,0,43,No
E0033,Finance,Bachelor,Male,59,34,2.45,50,0,47,No
E0034,Finance,Bachelor,Male,38,9,1.5,72,1,53,No
E0035,Marketing,Bachelor,Female,33,22,2.01,41,1,54,No
E0036,Marketing,Bachelor,Male,45,13,3.57,29,0,51,No
E0037,Marketing,Bachelor,Female,50,25,2.1,66,4,40,No
E0038,HR,Bachelor,Male,46,18,2.98,59,1,38,No
E0039,Finance,Bachelor,Male,57,12,1.49,89,3,35,No
E0040,Finance,Bachelor,Male,47,17,3.35,34,3,52,No
E0041,Sales,Bachelor,Male,59,15,2.26,21,4,53,No
E0042,HR,PhD,Male,22,15,3.51,80,1,43,No
E0043,Operations,Bachelor,Female,41,15,4.23,48,3,47,No
E0044,HR,Master,Male,49,13,3.45,26,1,42,No
E0045,Operations,Bachelor,Female,37,17,2.18,54,1,57,No
E0046,Sales,Master,Female,38,32,2.02,20,3,47,No
E0047,IT,Master,Male,49,9,2.31,79,0,49,No
E0048,Finance,Bachelor,Male,33,20,1.66,32,3,45,No
E0049,Sales,Bachelor,Female,48,26,1.72,79,4,46,No
E0050,Finance,Bachelor,Male,51,27,4.16,47,2,48,No
E0051,Marketing,Bachelor,Male,55,21,2.54,11,3,38,No
E0052,IT,PhD,Female,58,18,2.74,95,1,35,No
E0053,IT,Master,Male,27,13,3.38,93,1,58,No
E0054,Sales,PhD,Female,28,16,3.36,98,3,38,No
E0055,IT,Bachelor,Female,53,9,1.27,88,2,53,No
E0056,Operations,Master,Male,53,12,4.33,81,3,43,Yes
E0057,IT,PhD,Male,46,19,1.71,46,2,44,No
E0058,Finance,Bachelor,Male,54,7,3.89,58,2,38,No
E0059,Finance,Bachelor,Male,28,18,4.09,61,4,54,Yes
E0060,Finance,Master,Male,33,16,3.86,42,1,43,No
E0061,Finance,Bachelor,Female,37,4,3.32,31,1,47,No
E0062,Operations,Master,Male,37,25,1.06,14,2,46,No
E0063,HR,Bachelor,Male,57,32,2.44,27,1,45,No
E0064,Marketing,Master,Female,34,13,3.42,47,0,46,No
E0065,Sales,Bachelor,Female,28,17,2.55,46,2,52,No
E0066,Finance,Bachelor,Female,57,6,4.45,73,1,46,Yes
E0067,IT,Bachelor,Male,30,19,2.24,19,0,50,No
E0068,Finance,Master,Female,53,13,2.17,88,4,39,No
E0069,IT,Master,Male,32,26,2.06,51,1,54,No
E0070,Marketing,Bachelor,Male,29,14,2.33,57,0,59,No
E0071,Marketing,Bachelor,Male,54,31,3.23,53,3,46,No
E0072,Marketing,Master,Female,44,4,3.83,91,3,55,No
E0073,IT,Bachelor,Male,46,8,3.65,96,0,59,No
E0074,Finance,Master,Male,29,25,4.23,25,2,45,No
E0075,Marketing,Bachelor,Male,43,13,4.54,63,2,43,Yes
E0076,Operations,Bachelor,Male,25,32,4.26,44,1,52,No
E0077,IT,Bachelor,Female,24,28,1.08,37,3,59,No
E0078,IT,Bachelor,Female,50,30,3.94,11,2,37,No
E0079,Finance,Master,Female,50,3,1.83,22,2,54,No
E0080,IT,Bachelor,Male,55,28,1.53,50,3,51,No
E0081,IT,Bachelor,Male,55,3,3.55,89,4,48,No
E0082,Marketing,Master,Male,49,34,2.28,68,2,35,No
E0083,Finance,Bachelor,Male,34,16,1.23,78,0,51,No
E0084,Marketing,Bachelor,Male,36,22,1.55,62,1,59,No
E0085,Marketing,PhD,Female,44,32,1.0,54,2,42,No
E0086,Finance,Master,Male,47,8,4.61,29,2,39,No
E0087,Sales,Bachelor,Male,25,8,1.1,33,4,39,No
E0088,Marketing,PhD,Male,47,6,1.84,70,0,43,No
E0089,Operations,Master,Male,30,14,2.67,67,1,37,No
E0090,Operations,Bachelor,Male,26,32,2.43,36,2,53,No
E0091,IT,Bachelor,Female,53,10,4.65,35,1,57,No
E0092,Operations,Master,Female,41,3,1.16,16,3,43,No
E0093,IT,Master,Female,32,12,3.05,51,2,56,No
E0094,Sales,Bachelor,Male,36,31,3.72,56,2,52,No
E0095,Finance,Master,Male,53,29,4.73,62,3,50,Yes
E0096,Finance,Master,Male,49,5,3.48,68,4,35,No
E0097,Finance,Bachelor,Male,43,25,4.22,47,2,36,No
E0098,Operations,Bachelor,Female,38,31,1.33,78,1,48,No
E0099,Sales,Bachelor,Male,47,21,2.54,96,0,48,No
E0100,Operations,Master,Male,28,20,2.5,62,1,35,No
E0101,Operations,Bachelor,Male,47,22,4.55,24,4,59,No
E0102,Sales,Bachelor,Male,46,4,1.61,35,0,50,No
E0103,Sales,Master,Female,31,13,1.61,57,1,49,No
E0104,Sales,Master,Male,40,20,2.31,28,1,49,No
E0105,Sales,Bachelor,Male,32,13,1.22,18,3,46,No
E0106,Finance,Master,Male,34,17,1.73,73,4,50,No
E0107,HR,Bachelor,Male,29,33,4.86,63,3,48,Yes
E0108,HR,Master,Female,25,1,2.71,60,0,58,No
E0109,Sales,Bachelor,Female,52,15,3.53,48,3,49,No
E0110,HR,Bachelor,Female,49,13,3.9,13,4,57,No
E0111,HR,Master,Female,32,17,2.47,12,2,49,No
E0112,Sales,Bachelor,Male,22,24,1.59,73,2,53,No
E0113,HR,Bachelor,Female,59,8,1.83,38,0,42,No
E0114,Operations,Master,Male,45,27,2.25,20,2,36,No
E0115,IT,Master,Male,52,23,3.54,67,3,36,No
E0116,IT,Master,Female,47,8,2.59,84,0,44,No
E0117,Sales,Master,Male,26,8,1.03,36,4,37,No
E0118,Finance,Bachelor,Female,41,26,3.09,30,0,57,No
E0119,Sales,Bachelor,Male,32,13,4.69,48,0,51,No
E0120,Finance,Bachelor,Female,54,28,4.25,55,1,42,Yes
E0121,IT,Bachelor,Female,59,25,4.3,75,1,57,Yes
E0122,Sales,PhD,Female,48,16,4.18,45,0,38,No
E0123,Marketing,Bachelor,Female,55,2,2.29,84,2,48,No
E0124,Operations,Bachelor,Female,36,18,4.06,91,1,55,Yes
E0125,HR,Bachelor,Male,53,17,1.57,74,4,44,No
E0126,Finance,PhD,Male,42,30,3.63,72,3,35,No
E0127,Marketing,Bachelor,Male,26,13,3.57,44,1,38,No
E0128,HR,Bachelor,Female,27,32,1.1,40,0,35,No
E0129,HR,Bachelor,Male,59,29,4.15,37,2,51,No
E0130,Sales,Master,Female,43,30,4.61,10,3,51,No
E0131,HR,Bachelor,Male,39,18,2.07,34,1,41,No
E0132,Operations,Master,Male,35,13,4.25,52,2,57,Yes
E0133,Marketing,PhD,Female,31,21,1.33,93,2,54,No
E0134,HR,Bachelor,Male,34,30,3.4,76,2,49,No
E0135,Sales,Master,Male,52,21,2.94,72,0,47,No
E0136,Operations,PhD,Male,51,17,3.18,60,4,36,No
E0137,IT,Master,Female,24,19,4.7,11,2,53,No
E0138,Marketing,Bachelor,Female,51,15,4.49,91,3,58,Yes
E0139,HR,Bachelor,Male,27,9,4.14,73,1,47,Yes
E0140,Sales,Master,Male,50,10,2.09,83,3,58,No
E0141,IT,Bachelor,Male,29,31,4.65,78,0,45,No
E0142,IT,Master,Female,54,23,1.39,18,0,56,No
E0143,Finance,PhD,Female,38,30,4.41,11,3,49,No
E0144,Operations,PhD,Male,32,33,2.31,43,4,44,No
E0145,HR,Bachelor,Male,34,9,1.22,69,0,43,No
E0146,Sales,Bachelor,Male,32,1,3.68,70,0,43,No
E0147,Finance,PhD,Female,52,11,1.93,40,3,54,No
E0148,Operations,Master,Female,49,34,1.97,19,0,35,No
E0149,Finance,Bachelor,Male,27,16,2.22,85,4,51,No
E0150,Marketing,PhD,Male,37,9,1.25,45,4,46,No
E0151,Operations,Master,Male,25,32,1.71,94,4,44,No
E0152,Operations,Bachelor,Female,56,15,1.02,58,1,39,No
E0153,HR,Bachelor,Male,47,12,2.78,79,4,52,No
E0154,Operations,Bachelor,Female,33,33,1.34,58,4,49,No
E0155,Finance,Bachelor,Female,32,14,3.73,12,1,40,No
E0156,Operations,Bachelor,Male,58,8,1.94,83,2,41,No
E0157,HR,Master,Male,46,8,4.77,14,0,51,No
E0158,HR,Bachelor,Male,39,27,4.49,99,4,40,Yes
E0159,Marketing,Bachelor,Female,40,12,2.16,70,0,42,No
E0160,Finance,Bachelor,Female,44,1,4.13,94,3,46,Yes
E0161,IT,Bachelor,Female,59,11,4.21,99,0,55,No
E0162,IT,PhD,Male,39,31,4.95,35,1,48,No
E0163,Operations,Bachelor,Male,47,17,3.39,81,0,46,No
E0164,Marketing,Bachelor,Female,27,33,1.33,14,0,57,No
E0165,Sales,Master,Female,25,32,3.59,24,0,44,No
E0166,Operations,Bachelor,Male,50,29,3.5,25,2,56,No
E0167,Marketing,Bachelor,Female,55,21,3.55,10,2,54,No
E0168,Finance,Bachelor,Female,38,21,2.23,25,3,49,No
E0169,Finance,Bachelor,Male,37,23,4.44,46,1,41,No
E0170,Finance,Bachelor,Female,23,6,4.84,12,0,43,No
E0171,Finance,Bachelor,Female,55,22,1.87,61,0,44,No
E0172,Finance,Bachelor,Female,29,8,1.35,56,0,44,No
E0173,Marketing,PhD,Male,34,11,1.78,22,0,50,No
E0174,Marketing,Bachelor,Male,29,24,4.28,89,2,41,Yes
E0175,HR,Bachelor,Female,51,21,3.71,64,3,39,No
E0176,IT,Master,Male,53,2,3.54,30,4,57,No
E0177,Finance,Bachelor,Male,57,19,2.61,75,1,37,No
E0178,Sales,Master,Male,51,28,3.31,63,0,52,No
E0179,Marketing,Bachelor,Male,22,17,2.23,36,3,45,No
E0180,Sales,PhD,Female,38,6,2.91,47,4,49,No
E0181,Sales,Bachelor,Female,41,19,4.17,99,3,55,Yes
E0182,Sales,Bachelor,Male,45,28,4.92,67,2,54,Yes
E0183,HR,Bachelor,Male,43,2,4.73,71,4,39,Yes
E0184,Marketing,PhD,Male,50,4,4.74,55,3,58,Yes
E0185,Sales,Bachelor,Female,43,22,2.61,98,2,46,No
E0186,Finance,Bachelor,Female,30,26,2.88,20,3,38,No
E0187,Operations,Bachelor,Male,58,13,3.82,81,3,49,No
E0188,Sales,Master,Female,31,32,4.69,17,4,43,No
E0189,HR,Bachelor,Female,57,17,1.57,80,2,41,No
E0190,Marketing,Master,Female,58,19,2.22,73,0,44,No
E0191,HR,Bachelor,Female,49,28,1.56,30,1,57,No
E0192,Sales,Bachelor,Male,49,1,3.45,81,4,47,No
E0193,Marketing,Bachelor,Female,42,18,2.23,72,2,42,No
E0194,Operations,Bachelor,Male,45,33,2.3,94,3,46,No
E0195,Sales,Bachelor,Female,23,12,1.28,73,2,56,No
E0196,HR,Bachelor,Female,29,8,2.4,29,1,58,No
E0197,IT,Master,Female,48,24,4.45,17,1,53,No
E0198,Finance,Bachelor,Female,43,16,1.93,67,0,35,No
E0199,HR,Bachelor,Male,58,4,3.78,55,0,50,No
E0200,Marketing,Bachelor,Male,48,27,3.52,40,1,56,No
E0201,Sales,Bachelor,Female,50,9,4.45,18,4,51,No
E0202,Finance,Bachelor,Female,24,16,1.53,24,4,59,No
E0203,Sales,Bachelor,Male,34,12,4.91,35,3,52,No
E0204,Marketing,Bachelor,Male,31,31,3.33,19,0,45,No
E0205,Sales,Master,Male,57,24,4.98,38,3,52,No
E0206,IT,PhD,Female,30,14,4.65,89,0,41,No
E0207,Finance,Bachelor,Female,48,25,1.89,45,1,52,No
E0208,Finance,Bachelor,Male,55,34,1.22,93,4,42,No
E0209,Marketing,Master,Male,22,3,2.02,46,4,40,No
E0210,IT,Bachelor,Female,53,24,3.11,95,1,41,No
E0211,HR,Bachelor,Female,46,9,1.69,80,3,57,No
E0212,Sales,Bachelor,Male,50,26,1.67,32,3,56,No
E0213,Operations,Master,Male,28,20,2.85,50,2,44,No
E0214,Sales,Master,Male,24,10,1.13,89,0,45,No
E0215,Sales,Bachelor,Male,41,19,1.49,37,3,59,No
E0216,HR,Bachelor,Male,41,3,2.66,57,1,47,No
E0217,Sales,Bachelor,Female,51,24,1.25,47,3,43,No
E0218,IT,Master,Female,56,5,2.59,40,4,41,No
E0219,IT,Bachelor,Female,56,3,2.9,23,0,43,No
E0220,Finance,Bachelor,Female,48,27,2.81,82,2,47,No
E0221,Marketing,Master,Male,47,16,4.48,97,0,37,No
E0222,Operations,Bachelor,Male,35,15,3.12,86,4,37,No
E0223,Sales,Master,Male,38,12,2.87,99,4,35,No
E0224,Sales,Bachelor,Male,39,26,2.64,38,4,55,No
E0225,HR,Bachelor,Female,50,34,4.27,60,4,54,Yes
E0226,Marketing,Bachelor,Female,41,23,4.58,58,1,36,Yes
E0227,IT,Master,Male,48,31,4.41,52,2,59,Yes
E0228,Operations,Master,Male,39,20,3.69,81,4,37,No
E0229,Finance,Master,Female,25,12,1.55,96,4,49,No
E0230,IT,Bachelor,Male,22,23,2.11,14,3,58,No
E0231,Marketing,Master,Male,22,4,1.18,51,2,40,No
E0232,Finance,Bachelor,Female,47,23,4.72,16,0,47,No
E0233,HR,Bachelor,Female,41,1,3.64,51,2,55,No
E0234,HR,Master,Male,44,25,3.99,45,2,35,No
E0235,Sales,Bachelor,Male,31,2,2.25,36,2,54,No
E0236,Marketing,Bachelor,Female,32,30,4.38,67,4,53,Yes
E0237,Operations,Bachelor,Male,26,3,2.04,55,4,35,No
E0238,Finance,Bachelor,Male,22,21,1.01,75,1,55,No
E0239,IT,Bachelor,Female,38,25,2.51,34,0,56,No
E0240,Marketing,Bachelor,Male,43,20,3.28,82,3,36,No
E0241,Marketing,Bachelor,Female,55,22,2.91,36,2,49,No
E0242,HR,Master,Male,50,21,4.45,10,0,48,No
E0243,Sales,Master,Female,25,33,1.42,96,0,53,No
E0244,Sales,Bachelor,Male,26,15,3.22,83,1,45,No
E0245,Finance,Bachelor,Male,32,15,3.05,51,3,49,No
E0246,HR,Bachelor,Male,42,25,2.13,61,2,40,No
E0247,Marketing,Bachelor,Male,56,21,4.29,34,3,54,No
E0248,Operations,Bachelor,Female,33,24,4.01,63,1,43,Yes
E0249,HR,Master,Female,47,5,3.93,76,4,39,No
E0250,Finance,Bachelor,Male,40,6,4.5,15,0,54,No
E0251,Finance,Bachelor,Male,28,23,3.89,67,2,36,No
E0252,HR,Bachelor,Female,28,4,1.93,79,4,40,No
E0253,Finance,Bachelor,Female,47,27,3.82,62,1,52,No
E0254,HR,PhD,Male,26,18,2.23,75,3,57,No
E0255,IT,Master,Male,42,21,1.97,67,0,53,No
E0256,HR,Bachelor,Male,35,28,1.29,91,2,43,No
E0257,HR,Master,Female,25,22,3.98,96,4,55,No
E0258,Finance,Bachelor,Male,44,23,3.84,11,4,58,No
E0259,Finance,Master,Female,41,3,1.94,85,0,40,No
E0260,Sales,Master,Male,36,10,4.0,31,3,48,No
E0261,Sales,Bachelor,Female,50,25,4.67,46,1,58,No
E0262,IT,Bachelor,Male,29,8,1.43,29,3,47,No
E0263,Sales,Bachelor,Male,40,11,1.93,33,3,45,No
E0264,HR,Bachelor,Male,49,5,4.0,93,3,46,No
E0265,Finance,Master,Female,48,29,2.1,74,0,53,No
E0266,Sales,Bachelor,Male,25,5,3.5,74,0,53,No
E0267,Sales,Bachelor,Male,36,9,1.32,90,1,55,No
E0268,IT,Master,Male,56,2,2.81,10,3,53,No
E0269,Marketing,PhD,Male,58,1,3.96,12,0,58,No
E0270,IT,Bachelor,Female,22,30,3.75,55,1,47,No
E0271,HR,Bachelor,Female,24,11,4.26,64,1,48,Yes
E0272,Finance,Bachelor,Female,45,28,4.51,84,3,58,Yes
E0273,IT,Bachelor,Male,48,12,4.09,97,2,52,Yes
E0274,Sales,PhD,Female,57,26,3.69,95,3,46,No
E0275,Finance,Bachelor,Male,55,13,1.13,73,2,38,No
E0276,Finance,Bachelor,Male,50,8,3.14,54,1,44,No
E0277,Sales,Bachelor,Male,45,28,1.15,35,0,51,No
E0278,IT,Bachelor,Male,45,30,4.23,86,4,38,Yes
E0279,Sales,Master,Female,25,9,2.28,74,1,46,No
E0280,Marketing,Master,Female,24,31,3.25,33,0,47,No
E0281,Finance,Bachelor,Female,55,21,2.12,83,1,38,No
E0282,Operations,Bachelor,Male,44,34,4.13,44,3,44,No
E0283,Operations,Bachelor,Male,44,31,4.55,33,2,59,No
E0284,HR,PhD,Male,26,25,2.59,37,1,37,No
E0285,Sales,Master,Male,52,12,4.45,89,0,49,No
E0286,Sales,Bachelor,Male,27,1,2.07,25,3,36,No
E0287,HR,Master,Male,58,22,3.14,68,4,59,No
E0288,HR,Master,Male,31,1,4.44,90,3,59,Yes
E0289,HR,Bachelor,Male,28,1,2.3,63,2,51,No
E0290,Finance,PhD,Female,59,21,4.82,88,3,40,Yes
E0291,Marketing,Bachelor,Female,42,15,1.49,25,4,42,No
E0292,Sales,Bachelor,Female,41,17,1.07,24,0,37,No
E0293,Finance,Bachelor,Female,24,22,4.62,20,1,59,No
E0294,HR,Bachelor,Male,43,16,1.27,74,2,52,No
E0295,Sales,Bachelor,Female,25,8,4.97,88,4,56,Yes
E0296,Finance,Master,Female,49,17,4.81,99,2,35,Yes
E0297,Marketing,Bachelor,Male,33,17,1.55,77,3,50,No
E0298,Finance,Master,Male,59,26,3.15,52,2,41,No
E0299,Marketing,Bachelor,Female,57,13,1.74,78,4,37,No
E0300,HR,Bachelor,Male,26,17,2.71,22,1,57,No
E0301,Marketing,Bachelor,Male,34,17,1.25,19,1,38,No
E0302,Sales,Bachelor,Male,44,14,1.9,84,2,43,No
E0303,HR,Master,Male,51,6,2.45,91,0,39,No
E0304,Sales,Bachelor,Male,58,14,2.75,50,2,53,No
E0305,Operations,Bachelor,Male,46,8,4.91,59,3,49,Yes
E0306,IT,Bachelor,Male,48,15,4.23,96,1,42,Yes
E0307,Marketing,Master,Male,35,27,3.95,80,1,40,No
E0308,IT,PhD,Female,57,13,3.15,68,1,52,No
E0309,IT,Master,Male,37,31,4.36,48,0,53,No
E0310,Marketing,Bachelor,Male,43,6,2.36,12,0,58,No
E0311,HR,Bachelor,Male,42,5,3.84,85,4,49,No
E0312,Operations,Bachelor,Female,42,22,4.98,16,2,41,No
E0313,Sales,Bachelor,Male,29,23,2.26,58,2,44,No
E0314,Finance,Bachelor,Male,37,25,3.7,35,3,40,No
E0315,Sales,Bachelor,Female,52,34,4.38,42,1,48,No
E0316,Finance,Bachelor,Female,31,26,4.66,57,0,51,No
E0317,Sales,Bachelor,Male,53,5,3.87,88,3,43,No
E0318,Marketing,Master,Female,55,26,2.13,11,3,53,No
E0319,Operations,Bachelor,Male,30,20,2.31,80,0,39,No
E0320,Finance,Bachelor,Male,38,6,1.08,41,2,57,No
E0321,HR,Master,Male,32,6,4.04,13,1,41,No
E0322,Sales,Bachelor,Male,53,18,1.17,29,2,53,No
E0323,Sales,Master,Female,31,4,4.46,45,3,54,No
E0324,Finance,Bachelor,Male,43,17,1.47,41,1,41,No
E0325,HR,Bachelor,Male,38,14,1.69,37,4,58,No
E0326,HR,Master,Female,25,14,2.91,86,3,36,No
E0327,Marketing,Master,Female,46,13,3.95,10,2,59,No
E0328,Marketing,Master,Male,42,7,1.56,69,2,57,No
E0329,Marketing,Bachelor,Female,58,15,2.76,65,2,50,No
E0330,Marketing,Bachelor,Male,59,19,2.93,44,0,47,No
E0331,Marketing,Bachelor,Female,22,17,1.85,39,3,42,No
E0332,Marketing,Bachelor,Female,46,19,1.46,63,1,40,No
E0333,Operations,PhD,Female,57,20,4.35,45,2,40,No
E0334,HR,Bachelor,Male,38,32,3.01,64,2,43,No
E0335,Marketing,PhD,Male,45,24,1.06,98,0,38,No
E0336,HR,Bachelor,Male,23,17,4.21,89,1,45,Yes
E0337,HR,Bachelor,Male,36,7,4.92,67,3,39,Yes
E0338,IT,Bachelor,Male,53,1,3.42,92,4,59,No
E0339,Operations,Master,Female,27,32,3.01,74,0,51,No
E0340,Marketing,Master,Male,22,13,4.51,78,3,54,Yes
E0341,Sales,Master,Male,44,6,4.81,60,4,41,Yes
E0342,Finance,Master,Female,38,14,4.02,31,2,49,No
E0343,Sales,Master,Male,55,15,2.78,97,2,59,No
E0344,Operations,Master,Female,50,4,3.37,62,1,49,No
E0345,Finance,Bachelor,Male,30,16,3.8,45,4,48,No
E0346,Operations,Bachelor,Male,34,28,1.78,77,2,47,No
E0347,HR,Bachelor,Male,27,16,2.79,45,2,45,No
E0348,Finance,PhD,Male,27,4,4.32,61,1,47,Yes
E0349,HR,PhD,Female,41,26,3.62,62,3,56,No
E0350,Sales,Bachelor,Male,24,28,2.64,91,2,58,No
E0351,Sales,Master,Male,38,32,3.65,59,0,43,No
E0352,Finance,PhD,Male,33,2,1.47,89,0,44,No
E0353,Finance,Bachelor,Male,22,31,2.61,50,3,38,No
E0354,Marketing,Bachelor,Female,38,3,4.17,27,4,51,No
E0355,Operations,PhD,Male,24,8,1.88,31,1,48,No
E0356,Marketing,Bachelor,Female,47,24,1.74,75,0,58,No
E0357,Operations,Master,Female,36,15,4.8,30,0,52,No
E0358,Marketing,Bachelor,Male,57,31,1.84,53,3,45,No
E0359,HR,PhD,Female,53,9,2.04,56,4,50,No
E0360,Finance,PhD,Male,53,2,4.88,48,4,35,No
E0361,Sales,PhD,Male,25,8,3.94,38,3,41,No
E0362,Operations,Bachelor,Male,39,7,3.8,63,0,44,No
E0363,Operations,Master,Female,40,16,4.41,99,1,43,Yes
E0364,Sales,Master,Female,56,30,1.46,94,0,59,No
E0365,Marketing,Bachelor,Male,35,10,3.82,26,4,37,No
E0366,Operations,Master,Female,54,18,3.01,89,0,56,No
E0367,HR,Bachelor,Male,35,5,4.32,69,1,57,Yes
E0368,Finance,Bachelor,Male,55,29,3.03,40,2,48,No
E0369,Sales,Bachelor,Male,25,34,3.48,82,0,59,No
E0370,Finance,Bachelor,Female,45,23,2.91,87,3,49,No
E0371,Operations,Bachelor,Female,50,5,2.91,58,2,36,No
E0372,Operations,Master,Male,40,30,4.07,11,3,58,No
E0373,Sales,Bachelor,Male,27,6,3.51,57,3,48,No
E0374,HR,Master,Male,54,4,3.53,23,3,50,No
E0375,IT,Bachelor,Male,40,29,2.8,68,0,41,No
E0376,Sales,Bachelor,Male,22,23,3.12,67,4,38,No
E0377,IT,Bachelor,Female,26,6,3.98,67,2,52,No
E0378,Marketing,Master,Male,48,32,4.3,60,1,58,Yes
E0379,IT,Bachelor,Male,37,18,3.79,93,4,39,No
E0380,HR,Master,Male,27,15,4.7,11,0,40,No
E0381,Marketing,Master,Female,34,32,4.28,50,3,41,No
E0382,IT,Master,Female,56,9,3.25,92,1,49,No
E0383,Marketing,Bachelor,Male,40,10,3.69,91,2,35,No
E0384,IT,Bachelor,Female,33,20,4.71,25,4,58,No
E0385,HR,Master,Male,37,6,3.48,13,4,38,No
E0386,IT,Bachelor,Male,31,3,4.3,21,1,59,No
E0387,IT,Master,Male,46,11,3.76,38,0,35,No
E0388,IT,Bachelor,Male,41,17,3.21,16,2,45,No
E0389,Sales,PhD,Male,52,32,1.97,23,1,52,No
E0390,Sales,Master,Female,25,4,2.7,21,3,48,No
E0391,Sales,PhD,Female,44,4,4.87,14,2,56,No
E0392,HR,Bachelor,Female,23,17,3.63,90,4,45,No
E0393,Marketing,Master,Male,43,19,3.26,41,1,44,No
E0394,Operations,Bachelor,Male,58,5,4.73,83,4,51,Yes
E0395,IT,Bachelor,Female,29,32,3.35,52,4,38,No
E0396,IT,Master,Male,28,22,3.1,90,4,58,No
E0397,HR,Master,Male,35,6,4.04,78,0,49,No
E0398,IT,PhD,Male,24,22,3.85,54,4,50,No
E0399,Sales,Master,Female,37,1,1.77,18,3,55,No
E0400,Operations,Bachelor,Male,40,20,2.89,58,3,47,No
E0401,Finance,Bachelor,Male,39,22,2.89,42,2,43,No
E0402,IT,Master,Female,37,11,2.51,27,4,45,No
E0403,Sales,Bachelor,Male,29,13,3.07,18,4,45,No
E0404,Finance,Bachelor,Male,54,3,2.65,71,1,40,No
E0405,Operations,Bachelor,Male,33,9,1.8,66,0,35,No
E0406,Finance,Bachelor,Male,32,12,2.65,38,2,56,No
E0407,Sales,Bachelor,Female,26,23,1.29,87,4,40,No
E0408,Marketing,Bachelor,Male,48,14,3.3,34,1,47,No
E0409,Marketing,Bachelor,Male,33,33,4.41,24,0,56,No
E0410,Finance,Bachelor,Female,38,18,3.9,15,2,58,No
E0411,HR,PhD,Female,27,9,2.44,51,2,56,No
E0412,Finance,Bachelor,Female,54,23,1.35,38,4,39,No
E0413,IT,Bachelor,Male,26,10,1.81,88,2,49,No
E0414,IT,Master,Male,49,19,3.18,13,1,52,No
E0415,Marketing,Bachelor,Female,35,5,1.83,91,2,54,No
E0416,HR,PhD,Female,26,23,3.18,66,3,48,No
E0417,Sales,Master,Male,54,30,1.93,58,1,49,No
E0418,IT,Bachelor,Male,40,25,4.4,53,0,39,No
E0419,Marketing,Bachelor,Male,43,28,2.59,89,0,38,No
E0420,Operations,Master,Female,26,34,1.98,84,4,36,No
E0421,Marketing,PhD,Male,23,25,4.25,23,4,41,No
E0422,IT,Bachelor,Male,51,10,2.37,12,3,44,No
E0423,IT,Master,Male,25,14,1.45,71,0,50,No
E0424,Marketing,Bachelor,Female,54,30,3.28,73,0,44,No
E0425,Sales,PhD,Female,34,25,3.33,54,0,52,No
E0426,Finance,Bachelor,Male,41,14,3.86,91,0,51,No
E0427,IT,PhD,Female,28,34,1.96,67,2,55,No
E0428,Marketing,Master,Female,36,10,2.78,29,1,47,No
E0429,Marketing,Master,Male,44,11,2.13,67,1,35,No
E0430,HR,Bachelor,Male,35,11,1.32,98,3,35,No
E0431,Finance,Bachelor,Male,44,21,4.51,66,2,49,Yes
E0432,Operations,Bachelor,Female,40,21,3.92,86,0,35,No
E0433,Sales,Bachelor,Male,50,22,2.21,77,0,40,No
E0434,Operations,Bachelor,Female,41,7,3.4,87,4,59,No
E0435,Finance,Master,Female,50,17,1.81,61,4,47,No
E0436,Finance,Bachelor,Male,45,2,4.56,46,3,35,No
E0437,Finance,Bachelor,Female,39,12,1.46,17,0,39,No
E0438,Operations,PhD,Male,31,18,1.02,53,3,43,No
E0439,Finance,Master,Male,29,11,3.01,14,2,59,No
E0440,Marketing,PhD,Female,47,16,3.33,78,1,51,No
E0441,Operations,PhD,Female,50,18,3.32,40,0,50,No
E0442,Finance,Bachelor,Male,31,26,1.22,54,2,42,No
E0443,Marketing,Bachelor,Female,38,16,2.26,18,0,51,No
E0444,HR,Master,Female,23,6,3.0,41,4,49,No
E0445,Finance,Master,Male,27,12,1.87,42,3,58,No
E0446,Operations,Bachelor,Female,26,13,4.49,76,4,35,Yes
E0447,IT,Master,Male,49,4,1.35,39,1,46,No
E0448,Finance,Bachelor,Male,26,2,2.95,85,4,39,No
E0449,IT,Bachelor,Male,39,26,3.77,38,0,58,No
E0450,Marketing,Bachelor,Female,47,27,2.05,12,4,40,No
E0451,HR,Bachelor,Female,41,27,3.5,99,0,59,No
E0452,Sales,Bachelor,Male,48,15,4.32,66,1,35,Yes
E0453,HR,Bachelor,Male,33,8,1.76,39,4,59,No
E0454,Finance,Master,Female,28,7,4.67,18,3,35,No
E0455,IT,Bachelor,Male,24,12,3.21,35,3,44,No
E0456,IT,Bachelor,Female,31,13,2.2,11,3,44,No
E0457,Operations,Master,Female,55,17,2.72,71,4,37,No
E0458,IT,PhD,Male,46,17,2.25,12,4,51,No
E0459,Operations,Master,Female,56,21,3.9,55,4,53,No
E0460,Marketing,Master,Male,37,8,4.19,77,0,45,No
E0461,Sales,Master,Female,23,5,4.33,34,1,52,No
E0462,Finance,Bachelor,Female,45,26,4.94,60,3,36,Yes
E0463,Operations,Bachelor,Female,31,16,4.17,22,0,43,No
E0464,Sales,Bachelor,Male,59,28,3.41,53,3,58,No
E0465,IT,Bachelor,Female,43,29,2.36,44,0,51,No
E0466,IT,Bachelor,Male,47,12,3.18,64,4,48,No
E0467,Sales,Master,Male,48,30,1.16,96,3,38,No
E0468,IT,Bachelor,Male,50,23,3.98,18,4,51,No
E0469,Marketing,Bachelor,Male,59,16,2.78,11,3,51,No
E0470,Marketing,Bachelor,Male,41,14,1.08,70,2,46,No
E0471,Sales,Master,Female,48,10,1.25,50,0,54,No
E0472,Operations,Bachelor,Female,41,7,2.55,53,2,52,No
E0473,Operations,Master,Male,40,29,3.33,73,0,37,No
E0474,Sales,Bachelor,Female,41,3,2.86,40,1,45,No
E0475,Operations,Bachelor,Male,56,15,3.48,56,3,59,No
E0476,Operations,Bachelor,Female,23,19,2.92,11,1,52,No
E0477,Marketing,Master,Female,51,13,3.65,91,1,38,No
E0478,Operations,Bachelor,Male,55,21,1.88,86,0,51,No
E0479,HR,Master,Female,43,27,1.45,78,2,52,No
E0480,Finance,Bachelor,Male,24,29,3.39,67,4,39,No
E0481,IT,Bachelor,Male,27,20,2.94,53,0,48,No
E0482,HR,Master,Female,36,25,1.11,83,4,44,No
E0483,Operations,Master,Male,48,6,2.52,65,1,49,No
E0484,Marketing,Master,Male,31,2,1.42,52,4,35,No
E0485,Sales,Master,Male,30,22,3.13,98,2,50,No
E0486,Operations,Master,Female,54,32,2.58,43,0,45,No
E0487,Marketing,Master,Male,53,16,3.45,39,2,57,No
E0488,Finance,Master,Male,27,18,4.22,80,2,54,Yes
E0489,Operations,Master,Female,57,5,2.2,79,0,40,No
E0490,Sales,Master,Female,23,30,4.85,64,2,58,Yes
E0491,Marketing,Master,Male,50,19,3.14,76,3,56,No
E0492,Marketing,Master,Male,25,23,3.47,22,3,50,No
E0493,Marketing,Bachelor,Male,22,34,3.72,12,3,36,No
E0494,Finance,Master,Male,40,13,3.67,35,4,35,No
E0495,Operations,Master,Male,47,29,3.04,66,2,58,No
E0496,Finance,Bachelor,Female,46,22,2.72,33,0,58,No
E0497,IT,Master,Female,31,9,1.22,62,0,43,No
E0498,IT,Bachelor,Female,36,19,1.09,79,4,56,No
E0499,Operations,Bachelor,Male,43,6,2.43,52,0,46,No
E0500,Finance,Master,Female,42,15,2.33,69,3,51,No
E0501,Sales,Bachelor,Male,43,20,2.55,67,2,59,No
E0502,Marketing,Master,Female,57,9,1.55,58,0,49,No
E0503,Marketing,Master,Female,55,32,3.95,51,0,53,No
E0504,Operations,Bachelor,Male,51,4,4.43,85,1,56,Yes
E0505,IT,Bachelor,Female,46,18,4.75,75,1,44,Yes
E0506,IT,Bachelor,Male,49,5,2.97,20,1,46,No
E0507,Marketing,Master,Female,22,20,3.8,99,2,48,No
E0508,Operations,PhD,Male,25,23,4.42,27,3,43,No
E0509,Finance,Master,Male,28,11,2.67,94,3,47,No
E0510,IT,Bachelor,Female,30,22,2.24,61,3,37,No
E0511,Finance,Master,Male,57,4,4.75,55,2,55,Yes
E0512,IT,Bachelor,Female,40,29,3.06,53,2,48,No
E0513,IT,Master,Male,22,34,2.99,31,1,55,No
E0514,HR,Bachelor,Female,31,13,1.71,62,0,44,No
E0515,IT,Master,Female,57,9,1.43,68,4,50,No
E0516,Sales,Bachelor,Male,30,31,4.37,39,4,41,No
E0517,Operations,PhD,Male,53,7,3.46,17,0,38,No
E0518,Operations,Bachelor,Male,53,4,2.3,66,1,54,No
E0519,Finance,Master,Male,27,19,1.77,82,0,57,No
E0520,IT,PhD,Male,59,30,3.22,29,0,59,No
E0521,Sales,Bachelor,Female,38,31,3.34,34,4,45,No
E0522,Finance,PhD,Female,31,21,1.83,28,1,50,No
E0523,HR,Master,Female,48,31,4.41,14,2,54,No
E0524,Finance,Bachelor,Female,56,19,1.34,84,4,38,No
E0525,Finance,Bachelor,Female,42,31,2.42,88,2,56,No
E0526,IT,Master,Female,46,32,3.72,81,1,56,No
E0527,HR,Bachelor,Male,49,2,2.1,92,0,57,No
E0528,Finance,Bachelor,Female,36,10,4.31,96,3,51,Yes
E0529,Sales,Bachelor,Female,25,2,3.96,36,3,47,No
E0530,Sales,Master,Male,50,2,4.16,49,1,45,No
E0531,Operations,Bachelor,Male,30,24,1.48,35,3,37,No
E0532,HR,Master,Male,48,17,1.56,36,2,43,No
E0533,HR,PhD,Male,47,32,2.15,71,3,40,No
E0534,Operations,PhD,Female,40,16,3.07,92,1,56,No
E0535,Finance,Master,Male,49,16,3.99,59,1,55,No
E0536,HR,Bachelor,Male,38,31,4.35,51,2,45,Yes
E0537,Sales,Master,Female,41,24,3.82,38,3,50,No
E0538,Sales,Bachelor,Male,44,1,4.71,48,3,53,No
E0539,IT,Bachelor,Male,53,11,3.95,69,0,39,No
E0540,HR,Bachelor,Male,54,21,2.23,50,4,48,No
E0541,Finance,Bachelor,Female,26,4,2.06,42,1,51,No
E0542,Operations,Master,Female,55,7,3.78,92,0,37,No
E0543,Operations,Master,Male,32,26,1.77,92,1,38,No
E0544,Finance,Bachelor,Female,24,12,1.37,25,0,50,No
E0545,Marketing,Bachelor,Male,54,31,3.13,32,4,50,No
E0546,IT,PhD,Female,32,17,4.29,16,0,55,No
E0547,Operations,Bachelor,Female,37,33,1.41,35,1,59,No
E0548,HR,Bachelor,Female,39,11,4.17,21,3,38,No
E0549,IT,Bachelor,Male,51,28,4.25,81,1,53,Yes
E0550,HR,Master,Female,31,32,2.93,14,2,51,No
E0551,Sales,Master,Female,39,1,1.23,78,2,47,No
E0552,IT,Bachelor,Male,59,28,1.7,58,2,56,No
E0553,Operations,Bachelor,Female,40,7,3.83,35,2,57,No
E0554,IT,Master,Male,57,2,3.85,14,4,58,No
E0555,IT,Master,Female,34,24,4.59,31,3,35,No
E0556,IT,Bachelor,Male,24,4,3.33,88,3,46,No
E0557,Marketing,PhD,Female,31,19,1.5,22,1,38,No
E0558,IT,Bachelor,Male,59,26,1.49,37,0,45,No
E0559,HR,Bachelor,Male,22,11,3.88,42,1,39,No
E0560,Sales,PhD,Male,48,11,1.74,32,1,36,No
E0561,Finance,Bachelor,Male,29,3,2.31,27,1,51,No
E0562,IT,Master,Male,38,12,2.95,39,1,42,No
E0563,Operations,Bachelor,Male,30,3,1.1,35,3,40,No
E0564,IT,Bachelor,Male,27,27,2.0,25,0,55,No
E0565,Operations,PhD,Male,46,2,2.63,86,1,43,No
E0566,HR,Bachelor,Male,49,16,2.12,48,3,47,No
E0567,Operations,Master,Female,54,2,1.55,42,1,45,No
E0568,Finance,Bachelor,Male,58,30,3.91,35,2,50,No
E0569,Sales,Bachelor,Female,30,20,4.25,57,1,50,Yes
E0570,Operations,Bachelor,Female,39,28,2.03,74,1,36,No
E0571,Operations,Master,Female,42,25,4.1,47,4,44,No
E0572,Sales,Bachelor,Male,23,32,2.54,11,2,46,No
E0573,Finance,Master,Female,59,10,3.03,15,0,42,No
E0574,IT,Bachelor,Male,57,33,4.42,55,1,45,Yes
E0575,Operations,PhD,Male,58,13,4.0,59,0,44,No
E0576,Sales,Bachelor,Male,36,16,4.22,47,2,47,No
E0577,HR,Master,Female,49,22,1.55,97,1,59,No
E0578,Sales,Master,Male,39,20,1.28,27,4,51,No
E0579,HR,Master,Male,55,27,4.57,36,3,41,No
E0580,Finance,Master,Female,43,16,2.55,50,4,58,No
E0581,IT,Master,Female,32,34,2.15,81,4,37,No
E0582,Sales,Master,Male,34,32,3.9,83,3,54,No
E0583,Marketing,Bachelor,Male,25,26,4.35,26,3,47,No
E0584,Operations,Bachelor,Female,43,25,4.45,71,3,53,Yes
E0585,Finance,PhD,Male,28,2,2.26,38,1,41,No
E0586,Sales,Master,Male,45,12,4.41,67,0,43,No
E0587,Operations,Master,Male,25,9,1.16,79,0,53,No
E0588,Sales,Bachelor,Female,49,12,1.2,87,3,47,No
E0589,HR,Bachelor,Female,36,26,3.49,31,4,56,No
E0590,Sales,Bachelor,Female,22,9,1.25,15,2,42,No
E0591,Marketing,Master,Female,24,10,2.3,35,3,56,No
E0592,Sales,Bachelor,Male,35,32,3.69,48,4,52,No
E0593,Sales,Bachelor,Male,59,34,2.35,21,4,57,No
E0594,Marketing,Bachelor,Male,22,20,1.72,23,1,36,No
E0595,Finance,Bachelor,Male,59,2,2.13,31,1,52,No
E0596,Sales,Bachelor,Male,59,1,2.83,60,0,52,No
E0597,Marketing,Bachelor,Female,42,24,2.9,32,0,45,No
E0598,Operations,Master,Female,50,27,4.13,57,2,35,Yes
E0599,HR,Bachelor,Female,26,2,4.0,80,2,48,No
E0600,HR,Bachelor,Male,31,31,2.83,59,2,50,No
E0601,Sales,Bachelor,Female,49,14,4.38,98,2,45,Yes
E0602,Finance,Bachelor,Female,42,2,1.46,22,4,35,No
E0603,Finance,Bachelor,Male,28,29,2.02,94,4,41,No
E0604,Operations,Bachelor,Female,24,15,4.31,19,0,50,No
E0605,Sales,Master,Male,41,12,2.51,64,1,48,No
E0606,HR,Bachelor,Male,40,28,4.92,18,1,49,No
E0607,Finance,Master,Male,56,20,2.87,88,3,48,No
E0608,Sales,Master,Male,25,24,4.17,61,4,55,Yes
E0609,Finance,Master,Male,26,21,2.61,11,2,45,No
E0610,Marketing,Bachelor,Female,22,10,2.7,34,2,50,No
E0611,Finance,Bachelor,Female,25,14,2.53,22,3,53,No
E0612,HR,Bachelor,Female,33,18,3.88,60,1,51,No
E0613,IT,Bachelor,Female,48,24,3.19,67,2,40,No
E0614,Operations,PhD,Male,44,14,4.78,43,1,45,No
E0615,Operations,Bachelor,Female,46,34,2.0,44,3,51,No
E0616,HR,Bachelor,Male,42,12,1.4,12,1,43,No
E0617,Finance,Master,Male,45,22,2.57,68,1,52,No
E0618,Sales,Master,Male,46,6,3.47,79,1,51,No
E0619,Finance,Bachelor,Male,53,22,4.44,57,2,46,Yes
E0620,HR,Bachelor,Male,53,14,2.38,73,0,57,No
E0621,Operations,Bachelor,Male,26,16,3.62,28,4,56,No
E0622,Finance,Bachelor,Male,57,25,2.4,76,1,56,No
E0623,Operations,Bachelor,Female,37,32,3.47,91,1,39,No
E0624,Sales,Bachelor,Male,54,33,4.54,82,1,45,Yes
E0625,Operations,Bachelor,Male,42,20,1.93,85,0,38,No
E0626,Operations,Bachelor,Male,30,18,2.62,14,3,38,No
E0627,IT,Bachelor,Female,27,3,4.97,76,2,37,Yes
E0628,IT,Bachelor,Male,56,23,4.47,20,0,58,No
E0629,Marketing,Bachelor,Male,43,32,3.26,77,1,57,No
E0630,IT,Master,Male,26,16,3.07,78,0,59,No
E0631,Operations,Master,Male,44,5,2.14,10,0,51,No
E0632,HR,Bachelor,Male,38,4,3.07,72,0,41,No
E0633,Operations,Bachelor,Male,33,21,4.39,38,3,38,No
E0634,HR,Bachelor,Male,44,14,3.74,91,4,57,No
E0635,HR,Master,Male,37,31,2.16,21,2,47,No
E0636,IT,Master,Male,24,14,1.81,86,3,46,No
E0637,Finance,Bachelor,Female,51,6,2.06,50,3,35,No
E0638,Sales,PhD,Male,43,12,1.68,11,4,55,No
E0639,IT,Bachelor,Male,30,16,1.38,46,3,53,No
E0640,IT,Bachelor,Male,50,17,2.68,54,0,55,No
E0641,Finance,Master,Female,58,23,1.45,89,0,54,No
E0642,Sales,Master,Male,44,14,1.69,57,1,52,No
E0643,Operations,Master,Male,34,7,3.19,33,3,45,No
E0644,Marketing,Master,Female,53,32,1.66,31,1,54,No
E0645,Marketing,Bachelor,Male,44,15,1.26,20,2,37,No
E0646,Operations,Master,Male,38,17,2.27,67,0,51,No
E0647,IT,Bachelor,Male,42,34,1.88,55,2,46,No
E0648,Sales,Master,Female,23,5,3.06,38,4,44,No
E0649,IT,Bachelor,Male,58,27,1.41,44,0,42,No
E0650,HR,Master,Female,27,23,4.01,24,2,49,No
E0651,IT,Bachelor,Female,39,14,4.62,69,4,39,Yes
E0652,IT,Master,Male,51,15,3.97,51,2,38,No
E0653,Operations,Bachelor,Male,43,33,3.13,52,4,55,No
E0654,Operations,Master,Male,54,31,4.44,89,4,54,Yes
E0655,Operations,Bachelor,Male,51,17,3.78,83,0,53,No
E0656,Marketing,Bachelor,Male,38,28,1.04,58,1,55,No
E0657,HR,Bachelor,Female,53,19,2.58,73,4,38,No
E0658,Operations,Bachelor,Female,35,23,4.4,41,4,49,No
E0659,Sales,Master,Female,31,32,2.38,73,0,51,No
E0660,Marketing,Bachelor,Male,57,13,1.14,11,1,46,No
E0661,Finance,PhD,Female,55,20,3.98,33,3,37,No
E0662,Sales,Bachelor,Female,30,5,4.21,96,3,44,Yes
E0663,Sales,Bachelor,Female,49,9,1.64,75,1,49,No
E0664,Operations,Master,Male,32,29,3.15,47,2,44,No
E0665,Finance,Master,Female,35,6,1.77,40,0,58,No
E0666,Finance,Bachelor,Male,40,25,3.88,35,1,57,No
E0667,Marketing,Bachelor,Male,36,31,2.09,38,3,52,No
E0668,Finance,Master,Male,49,22,2.26,76,4,35,No
E0669,HR,Bachelor,Female,45,2,4.38,87,3,37,Yes
E0670,Operations,PhD,Female,29,5,2.91,34,4,55,No
E0671,Finance,PhD,Male,30,27,3.68,57,0,46,No
E0672,Marketing,Master,Male,54,25,2.61,74,4,35,No
E0673,HR,Bachelor,Male,54,8,2.19,62,1,37,No
E0674,IT,Master,Male,40,1,3.5,76,4,37,No
E0675,IT,Bachelor,Male,24,20,1.62,99,2,39,No
E0676,HR,Bachelor,Male,31,23,2.49,27,1,53,No
E0677,Marketing,Bachelor,Female,22,32,1.84,18,0,59,No
E0678,HR,Bachelor,Male,50,11,3.78,47,1,35,No
E0679,Operations,Master,Male,55,24,4.78,96,2,38,Yes
E0680,Operations,Master,Male,34,11,4.98,30,0,38,No
E0681,IT,Master,Female,22,29,2.8,74,3,51,No
E0682,Finance,Bachelor,Female,55,26,2.01,30,2,48,No
E0683,Marketing,Bachelor,Female,50,16,2.77,36,0,52,No
E0684,IT,Bachelor,Male,34,20,4.39,79,4,35,Yes
E0685,Finance,PhD,Male,50,3,1.82,53,1,56,No
E0686,Finance,Bachelor,Male,45,1,4.81,37,0,50,No
E0687,Operations,Master,Female,47,1,2.37,54,1,37,No
E0688,Sales,Bachelor,Female,38,17,4.94,26,4,57,No
E0689,Sales,Bachelor,Female,28,2,4.35,49,0,55,No
E0690,HR,Master,Female,34,29,4.23,12,3,43,No
E0691,Operations,Bachelor,Female,26,20,2.27,85,2,57,No
E0692,Finance,Master,Male,47,6,1.04,85,0,38,No
E0693,Marketing,PhD,Female,24,8,2.53,75,4,55,No
E0694,Sales,Bachelor,Male,28,29,2.21,55,0,39,No
E0695,Finance,Bachelor,Male,22,33,1.15,95,1,45,No
E0696,Sales,Bachelor,Male,38,3,3.02,96,0,55,No
E0697,Sales,PhD,Male,46,5,2.61,39,3,43,No
E0698,Sales,Bachelor,Male,24,27,3.54,78,0,37,No
E0699,Marketing,Master,Male,36,12,3.48,18,2,40,No
E0700,Operations,Master,Male,50,20,1.48,94,0,58,No
E0701,Marketing,Master,Male,53,20,4.91,20,1,45,No
E0702,IT,Bachelor,Male,47,9,1.75,78,0,43,No
E0703,Finance,Master,Male,37,4,2.78,75,3,49,No
E0704,Operations,PhD,Male,46,19,2.95,97,4,57,No
E0705,Operations,Bachelor,Male,49,27,4.25,40,0,37,No
E0706,Operations,Bachelor,Female,30,13,1.4,42,0,35,No
E0707,Operations,PhD,Female,22,13,2.71,48,2,54,No
E0708,Marketing,Bachelor,Female,50,22,3.51,55,3,56,No
E0709,Operations,Master,Female,43,28,1.86,46,4,53,No
E0710,HR,Bachelor,Male,37,22,3.51,69,1,48,No
E0711,Finance,Bachelor,Female,28,19,4.69,40,0,51,No
E0712,Operations,Master,Male,35,8,4.99,20,4,56,No
E0713,Finance,Bachelor,Male,50,8,1.13,96,1,48,No
E0714,HR,Bachelor,Female,40,26,1.94,11,3,51,No
E0715,HR,Bachelor,Male,40,26,2.24,36,3,59,No
E0716,Finance,Bachelor,Female,23,23,2.6,11,4,48,No
E0717,Sales,Bachelor,Female,36,13,1.97,30,1,46,No
E0718,IT,Bachelor,Female,24,28,1.81,67,3,50,No
E0719,Sales,PhD,Female,32,9,4.82,14,4,35,No
E0720,Sales,Bachelor,Male,51,20,4.67,61,3,47,Yes
E0721,Marketing,Master,Male,39,19,1.19,54,3,40,No
E0722,Sales,Bachelor,Male,23,12,2.36,94,3,51,No
E0723,Operations,Master,Male,53,15,2.62,29,2,46,No
E0724,Marketing,Bachelor,Female,29,31,1.96,70,1,57,No
E0725,Marketing,PhD,Female,43,14,3.52,47,4,53,No
E0726,HR,Bachelor,Female,27,11,3.56,29,4,40,No
E0727,Sales,Bachelor,Male,33,26,4.4,34,1,41,No
E0728,HR,Bachelor,Male,57,27,3.96,11,1,35,No
E0729,Finance,Bachelor,Male,36,11,3.17,41,1,35,No
E0730,IT,Bachelor,Male,49,34,3.61,35,1,39,No
E0731,Marketing,Bachelor,Female,39,19,2.1,79,0,40,No
E0732,Finance,Master,Male,23,6,3.37,50,4,50,No
E0733,Finance,Bachelor,Male,34,28,2.96,76,0,59,No
E0734,Operations,Bachelor,Male,36,1,1.53,10,3,50,No
E0735,IT,Master,Female,41,8,1.97,60,3,48,No
E0736,Finance,Master,Female,50,7,2.17,14,4,35,No
E0737,Finance,Bachelor,Male,50,11,4.7,22,3,47,No
E0738,IT,Bachelor,Male,24,4,1.92,28,1,54,No
E0739,IT,Bachelor,Male,40,25,2.16,21,0,44,No
E0740,Finance,Master,Male,24,12,2.48,57,1,58,No
E0741,IT,Master,Female,35,26,3.65,34,3,44,No
E0742,Finance,Bachelor,Female,25,12,1.47,66,0,43,No
E0743,Finance,Master,Male,32,24,4.82,44,1,47,No
E0744,Operations,Master,Male,52,16,4.46,85,4,37,Yes
E0745,Sales,Bachelor,Female,53,13,3.31,14,1,52,No
E0746,Finance,Master,Male,48,25,3.7,31,3,54,No
E0747,HR,Bachelor,Female,51,4,1.07,86,0,36,No
E0748,Marketing,Bachelor,Male,23,11,2.36,66,4,51,No
E0749,Sales,Bachelor,Male,30,32,4.18,56,0,53,No
E0750,Sales,Bachelor,Male,49,7,1.31,63,4,57,No
E0751,Sales,Bachelor,Male,52,11,2.13,12,0,47,No
E0752,Operations,PhD,Female,55,28,3.34,62,3,47,No
E0753,Finance,Bachelor,Male,36,23,2.03,93,4,35,No
E0754,Operations,Bachelor,Male,46,23,4.74,40,2,36,No
E0755,Finance,Bachelor,Male,57,28,1.52,78,0,35,No
E0756,Operations,PhD,Male,29,26,4.19,97,0,58,No
E0757,Operations,Bachelor,Male,30,25,3.03,42,1,39,No
E0758,Marketing,Bachelor,Male,58,29,4.0,81,4,58,No
E0759,HR,Bachelor,Female,53,19,2.24,97,2,37,No
E0760,Operations,Bachelor,Male,38,33,3.06,59,3,41,No
E0761,Marketing,PhD,Male,56,14,4.43,93,1,58,Yes
E0762,IT,PhD,Female,58,14,2.87,25,2,56,No
E0763,HR,Bachelor,Male,40,30,2.44,85,4,47,No
E0764,Operations,PhD,Female,50,28,3.14,86,2,57,No
E0765,Sales,Master,Male,28,17,3.87,48,0,52,No
E0766,IT,Master,Female,49,3,2.77,98,0,58,No
E0767,IT,Bachelor,Female,30,16,4.76,55,1,55,Yes
E0768,Marketing,Bachelor,Female,49,30,2.18,97,4,41,No
E0769,IT,Bachelor,Female,27,29,2.9,56,4,35,No
E0770,HR,Master,Male,50,15,4.03,53,2,39,Yes
E0771,Operations,Bachelor,Female,38,25,3.76,18,1,51,No
E0772,Operations,Bachelor,Male,37,23,4.45,96,4,42,Yes
E0773,Sales,Bachelor,Male,44,25,4.99,59,0,49,No
E0774,Marketing,Master,Male,52,7,2.71,86,2,54,No
E0775,Sales,Bachelor,Male,24,22,1.44,69,3,38,No
E0776,IT,Master,Male,42,17,1.12,24,0,36,No
E0777,Sales,PhD,Male,47,18,3.91,45,1,39,No
E0778,HR,Bachelor,Male,57,10,4.5,72,4,35,Yes
E0779,Operations,Master,Female,58,10,1.88,78,0,59,No
E0780,IT,Bachelor,Female,43,7,1.63,95,3,39,No
E0781,Sales,Master,Male,33,27,1.25,89,3,40,No
E0782,Marketing,Bachelor,Male,34,33,4.29,50,1,36,No
E0783,HR,Master,Male,32,1,2.25,83,0,35,No
E0784,HR,Master,Male,37,34,2.61,33,2,38,No
E0785,Sales,PhD,Male,29,4,3.01,91,0,41,No
E0786,Operations,Master,Male,23,17,4.36,58,3,56,Yes
E0787,Sales,Bachelor,Male,51,4,3.6,27,1,35,No
E0788,IT,Master,Female,51,26,3.46,16,1,35,No
E0789,Sales,Master,Male,33,4,1.7,13,2,42,No
E0790,HR,Bachelor,Male,31,1,3.05,99,1,54,No
E0791,Sales,Bachelor,Male,32,7,3.86,78,1,50,No
E0792,Operations,PhD,Male,36,30,4.89,69,1,55,Yes
E0793,Marketing,Master,Male,37,9,1.81,64,1,47,No
E0794,Finance,Master,Female,38,8,1.04,25,1,57,No
E0795,Sales,Bachelor,Male,47,24,1.3,99,3,58,No
E0796,Operations,Master,Male,23,19,2.5,91,0,57,No
E0797,Operations,Bachelor,Female,33,27,4.28,38,4,52,No
E0798,Marketing,Master,Female,47,32,1.03,32,1,54,No
E0799,HR,Bachelor,Female,44,14,2.83,23,4,44,No
E0800,Operations,Master,Male,39,18,2.32,88,4,46,No
E0801,Operations,PhD,Female,53,28,1.21,58,3,35,No
E0802,Operations,Bachelor,Male,59,29,2.8,42,1,44,No
E0803,Operations,PhD,Male,24,16,2.02,34,4,43,No
E0804,IT,Bachelor,Male,59,31,2.41,30,1,37,No
E0805,IT,Master,Male,24,4,3.82,26,2,53,No
E0806,HR,Master,Male,51,17,3.09,32,2,43,No
E0807,Sales,Bachelor,Male,22,26,1.5,66,2,44,No
E0808,Operations,Master,Female,51,4,4.85,90,4,53,Yes
E0809,Marketing,Master,Female,53,30,3.54,67,2,50,No
E0810,Sales,Bachelor,Female,49,30,4.06,23,3,58,No
E0811,Marketing,Bachelor,Male,42,22,1.32,29,3,52,No
E0812,Sales,Master,Female,34,11,1.19,39,4,48,No
E0813,HR,Master,Male,48,2,1.08,28,1,37,No
E0814,Operations,Master,Female,57,12,1.76,62,0,36,No
E0815,Operations,Master,Male,28,30,2.66,65,1,35,No
E0816,Finance,Bachelor,Female,43,18,4.74,86,1,52,Yes
E0817,Marketing,Master,Male,31,26,2.83,91,1,58,No
E0818,Sales,Bachelor,Female,36,7,2.16,32,1,43,No
E0819,Sales,Bachelor,Female,36,1,3.25,71,0,47,No
E0820,IT,Bachelor,Male,25,26,1.45,42,2,36,No
E0821,Finance,Bachelor,Male,53,23,3.44,27,1,41,No
E0822,IT,Bachelor,Female,44,26,3.27,82,3,50,No
E0823,IT,Bachelor,Male,27,6,4.17,42,4,55,No
E0824,IT,Master,Female,45,6,4.95,41,4,53,No
E0825,Marketing,Bachelor,Male,41,8,2.0,70,3,59,No
E0826,Marketing,Bachelor,Male,58,24,3.04,63,1,49,No
E0827,HR,Bachelor,Male,41,22,4.64,26,0,56,No
E0828,HR,Bachelor,Male,33,19,4.14,28,2,45,No
E0829,IT,Bachelor,Female,54,18,2.95,79,4,35,No
E0830,Finance,Bachelor,Male,49,31,4.78,43,2,55,No
E0831,Sales,Master,Male,29,30,1.23,93,0,41,No
E0832,Marketing,Master,Male,22,33,4.72,34,4,54,No
E0833,Finance,Master,Male,58,10,1.2,77,2,42,No
E0834,Operations,Bachelor,Female,43,12,3.19,83,0,44,No
E0835,Marketing,Bachelor,Female,27,30,4.56,83,2,39,Yes
E0836,Marketing,Master,Male,42,27,2.05,97,1,43,No
E0837,HR,Bachelor,Female,53,9,2.89,94,0,59,No
E0838,Sales,Bachelor,Female,56,21,2.3,20,2,59,No
E0839,Sales,Bachelor,Male,36,12,4.81,25,1,35,No
E0840,Operations,Bachelor,Female,26,29,4.29,99,1,36,Yes
E0841,Operations,Bachelor,Male,27,33,3.84,70,0,53,No
E0842,Marketing,Bachelor,Male,46,15,3.35,89,3,48,No
E0843,IT,Bachelor,Female,50,2,4.28,16,4,54,No
E0844,HR,Bachelor,Male,28,18,2.57,25,0,44,No
E0845,HR,Master,Female,34,3,2.79,25,1,43,No
E0846,Marketing,Master,Female,59,7,3.92,49,1,44,No
E0847,Finance,Master,Male,39,18,2.43,21,0,40,No
E0848,IT,Master,Female,23,33,1.26,44,3,51,No
E0849,Marketing,PhD,Male,29,31,1.3,30,4,59,No
E0850,IT,Bachelor,Male,32,11,1.46,59,2,40,No
E0851,IT,Bachelor,Female,54,4,4.48,52,0,38,No
E0852,IT,Bachelor,Female,59,18,2.89,26,4,54,No
E0853,Marketing,Master,Male,48,4,3.85,41,4,37,No
E0854,HR,Master,Male,41,34,2.57,50,1,57,No
E0855,HR,Bachelor,Female,33,29,2.03,15,2,53,No
E0856,IT,PhD,Female,52,24,2.39,97,0,52,No
E0857,Finance,Bachelor,Female,48,22,4.18,36,1,58,No
E0858,Sales,PhD,Male,53,2,3.5,29,1,38,No
E0859,Marketing,Bachelor,Male,31,6,4.75,34,3,42,No
E0860,Sales,Bachelor,Male,24,25,3.72,75,4,51,No
E0861,Finance,Bachelor,Female,48,21,3.28,18,0,39,No
E0862,Marketing,Bachelor,Male,56,16,3.44,62,0,47,No
E0863,IT,Bachelor,Male,52,31,4.77,70,0,59,No
E0864,HR,Bachelor,Female,36,14,4.15,47,1,35,No
E0865,Sales,Master,Male,37,28,1.1,12,3,47,No
E0866,Operations,Bachelor,Female,34,32,3.14,93,2,38,No
E0867,Operations,Bachelor,Female,56,28,3.75,79,1,56,No
E0868,Finance,Master,Female,32,9,3.99,64,2,58,No
E0869,IT,Master,Male,42,22,1.85,10,3,48,No
E0870,Sales,Bachelor,Male,32,32,4.47,79,4,37,Yes
E0871,IT,Bachelor,Female,51,5,4.82,54,0,39,No
E0872,Sales,Bachelor,Female,56,23,1.95,56,2,41,No
E0873,Finance,Bachelor,Female,43,5,4.53,88,1,35,Yes
E0874,Finance,Master,Male,59,32,1.39,35,2,57,No
E0875,Operations,Bachelor,Female,52,10,1.22,23,4,46,No
E0876,IT,Bachelor,Female,35,15,1.52,63,0,45,No
E0877,Marketing,Master,Female,45,7,1.23,80,2,58,No
E0878,Operations,Bachelor,Female,53,29,4.38,55,4,42,Yes
E0879,IT,Bachelor,Female,57,3,1.24,40,1,59,No
E0880,Operations,Bachelor,Female,53,19,2.09,97,3,40,No
E0881,Marketing,PhD,Male,36,10,1.42,68,1,56,No
E0882,HR,Bachelor,Male,56,28,2.18,38,0,36,No
E0883,HR,Master,Male,24,29,1.36,26,1,53,No
E0884,HR,Bachelor,Male,37,15,3.67,23,1,54,No
E0885,HR,Bachelor,Male,26,6,1.53,45,1,54,No
E0886,Sales,Master,Male,42,12,4.41,67,1,58,Yes
E0887,HR,PhD,Male,31,13,4.27,33,0,48,No
E0888,Marketing,Master,Male,40,29,1.05,72,4,35,No
E0889,Finance,Master,Female,46,19,4.58,34,2,44,No
E0890,Finance,Master,Female,25,3,1.12,68,3,50,No
E0891,Sales,Bachelor,Male,50,8,1.96,41,2,38,No
E0892,HR,Bachelor,Female,40,8,1.13,91,2,45,No
E0893,HR,Master,Male,23,20,2.34,27,3,50,No
E0894,HR,Bachelor,Male,31,4,3.06,46,0,54,No
E0895,Operations,Master,Male,46,21,4.19,35,3,35,No
E0896,IT,PhD,Male,41,3,2.35,18,0,50,No
E0897,Operations,Bachelor,Female,40,8,3.82,73,2,53,No
E0898,IT,Bachelor,Female,44,23,1.75,81,0,55,No
E0899,HR,Master,Male,45,16,4.0,29,4,56,No
E0900,HR,Bachelor,Male,32,13,1.94,63,3,43,No
E0901,Operations,Master,Male,55,3,1.57,95,4,43,No
E0902,Operations,Bachelor,Male,49,9,1.74,92,2,43,No
E0903,IT,Master,Male,26,14,1.73,39,3,51,No
E0904,Finance,Bachelor,Male,26,13,3.05,62,2,46,No
E0905,IT,Master,Female,42,7,4.38,72,4,59,Yes
E0906,Operations,Bachelor,Female,33,15,1.32,20,2,47,No
E0907,Marketing,Bachelor,Male,25,7,3.83,40,3,42,No
E0908,Operations,Bachelor,Female,41,34,3.62,58,3,50,No
E0909,Marketing,Master,Male,59,22,4.49,96,2,52,Yes
E0910,Sales,Master,Male,46,24,1.98,28,3,35,No
E0911,Operations,Bachelor,Male,35,1,2.8,21,3,35,No
E0912,Sales,Bachelor,Female,32,10,4.7,24,2,46,No
E0913,Finance,Bachelor,Female,53,16,3.64,40,4,40,No
E0914,IT,Master,Female,32,8,2.56,52,3,43,No
E0915,Marketing,Master,Male,39,25,1.53,46,3,57,No
E0916,IT,Bachelor,Female,48,12,2.05,88,3,39,No
E0917,Sales,Bachelor,Male,39,25,3.32,38,3,50,No
E0918,Marketing,Bachelor,Female,44,17,3.87,35,2,52,No
E0919,IT,Bachelor,Male,32,26,1.5,11,4,51,No
E0920,Operations,Bachelor,Male,42,14,3.4,93,4,52,No
E0921,HR,PhD,Male,26,23,3.2,24,0,35,No
E0922,Sales,Bachelor,Female,44,6,3.06,13,3,53,No
E0923,IT,Master,Male,46,5,3.76,95,3,56,No
E0924,Sales,Bachelor,Female,31,25,4.35,59,0,42,No
E0925,Sales,Bachelor,Male,43,18,2.29,47,4,37,No
E0926,Marketing,Master,Female,40,13,4.56,32,1,59,No
E0927,Marketing,Master,Female,22,14,1.64,68,1,39,No
E0928,HR,PhD,Female,28,28,1.69,99,4,57,No
E0929,Operations,Bachelor,Male,25,18,2.07,84,3,42,No
E0930,Sales,Bachelor,Male,22,28,1.48,37,1,53,No
E0931,IT,Master,Male,36,27,1.92,75,2,52,No
E0932,Finance,Bachelor,Female,33,32,1.43,17,2,52,No
E0933,Sales,Bachelor,Male,43,9,4.29,38,0,55,No
E0934,Sales,Bachelor,Male,43,32,1.56,20,4,35,No
E0935,HR,Bachelor,Male,38,20,3.99,27,4,49,No
E0936,Operations,Master,Male,50,28,1.19,64,1,52,No
E0937,Finance,Bachelor,Female,35,33,4.79,59,3,59,Yes
E0938,Marketing,Bachelor,Male,41,4,3.84,23,4,41,No
E0939,Marketing,Bachelor,Female,54,34,1.03,83,1,50,No
E0940,IT,Bachelor,Male,36,3,4.06,18,1,50,No
E0941,Finance,Bachelor,Male,33,26,3.06,20,4,49,No
E0942,Marketing,Bachelor,Male,41,8,4.12,72,1,40,Yes
E0943,IT,Bachelor,Male,51,6,3.09,85,0,43,No
E0944,Operations,Master,Male,59,16,3.56,76,0,41,No
E0945,IT,Bachelor,Female,24,24,4.15,62,4,48,Yes
E0946,Marketing,Bachelor,Male,49,30,2.62,48,3,45,No
E0947,HR,Master,Female,47,13,1.01,87,0,55,No
E0948,HR,Master,Male,51,5,4.4,65,0,50,No
E0949,HR,Bachelor,Male,34,25,2.52,37,4,59,No
E0950,Marketing,Bachelor,Female,34,20,2.98,84,2,40,No
E0951,HR,Bachelor,Male,23,18,1.03,48,1,56,No
E0952,Finance,Master,Male,58,18,2.97,34,0,50,No
E0953,Operations,PhD,Male,59,2,4.95,30,2,54,No
E0954,IT,Master,Male,23,10,2.11,19,3,50,No
E0955,IT,Bachelor,Female,57,12,2.58,52,2,46,No
E0956,Marketing,Master,Male,47,13,3.75,24,4,51,No
E0957,HR,Bachelor,Female,32,11,4.26,92,3,39,Yes
E0958,HR,Bachelor,Female,29,19,2.67,57,3,59,No
E0959,Sales,Bachelor,Male,43,26,2.24,95,2,47,No
E0960,Operations,PhD,Female,41,14,4.75,30,4,42,No
E0961,Finance,Bachelor,Male,29,24,3.71,69,0,58,No
E0962,IT,Master,Female,50,1,1.48,59,2,39,No
E0963,Sales,Bachelor,Male,47,22,1.28,32,0,46,No
E0964,Sales,Bachelor,Female,51,23,2.93,22,2,43,No
E0965,Marketing,Bachelor,Male,38,19,1.88,78,0,37,No
E0966,IT,Bachelor,Male,41,18,2.02,13,2,37,No
E0967,Marketing,Master,Female,37,12,4.51,87,3,35,Yes
E0968,Finance,Bachelor,Female,28,28,1.36,81,1,59,No
E0969,Sales,Master,Male,37,28,3.86,18,3,56,No
E0970,Sales,Master,Male,48,33,2.08,44,0,52,No
E0971,Operations,PhD,Female,44,19,4.04,30,4,58,No
E0972,Finance,Bachelor,Female,45,28,3.89,67,3,46,No
E0973,Sales,Bachelor,Female,30,26,1.03,27,1,43,No
E0974,Finance,Bachelor,Female,56,34,3.04,81,0,43,No
E0975,IT,PhD,Female,41,16,1.56,90,3,52,No
E0976,HR,PhD,Female,58,13,4.46,52,2,52,Yes
E0977,Sales,Bachelor,Male,38,23,4.49,15,4,41,No
E0978,Operations,Master,Male,52,22,2.67,95,0,38,No
E0979,IT,Bachelor,Female,29,16,2.78,87,3,47,No
E0980,Finance,Master,Female,36,28,2.21,76,0,51,No
E0981,Marketing,Bachelor,Male,52,8,3.87,21,2,58,No
E0982,IT,Master,Male,51,22,2.43,21,1,36,No
E0983,Sales,Bachelor,Female,41,21,2.07,75,3,48,No
E0984,Finance,Master,Male,33,26,2.73,11,0,37,No
E0985,HR,Master,Male,38,21,1.37,24,0,39,No
E0986,IT,Master,Male,51,25,3.99,32,0,48,No
E0987,Sales,Bachelor,Male,50,1,1.05,38,1,37,No
E0988,Operations,Bachelor,Male,40,6,3.58,90,0,57,No
E0989,Marketing,Bachelor,Male,32,23,1.73,16,4,41,No
E0990,Finance,Bachelor,Male,55,23,1.93,37,4,52,No
E0991,IT,Bachelor,Female,28,23,3.54,23,0,47,No
E0992,IT,PhD,Male,55,32,4.97,53,4,57,Yes
E0993,HR,Bachelor,Female,41,30,4.11,39,3,56,No
E0994,HR,Bachelor,Female,59,13,1.9,90,4,44,No
E0995,Operations,Bachelor,Male,45,18,1.7,41,0,59,No
E0996,Marketing,Bachelor,Female,31,23,4.46,79,2,47,Yes
E0997,Operations,Master,Male,53,15,2.78,97,3,50,No
E0998,Sales,Bachelor,Female,36,33,1.55,15,1,43,No
E0999,Sales,PhD,Male,58,21,4.45,36,0,36,No
E1000,Operations,Bachelor,Female,41,23,4.26,91,1,57,Yes
